imo,ship_type,reporting_period,g_co2_per_tonne_nm,kg_co2_per_tonne_km,kg_co2_per_tonne_km_laden,kg_co2_per_tonne_km_freight
7043843,Ro-ro ship,2023,514.49,0.277802,,
7226952,Ro-ro ship,2023,273.13,0.147478,,
7432733,Ro-ro ship,2023,500.91,0.27047,,
7528611,Ro-ro ship,2023,67861.54,36.6423,32.273672,
7724265,Ro-ro ship,2023,374.53,0.20223,,
8020599,Ro-ro ship,2023,176.22,0.095151,,
8300169,Ro-ro ship,2023,86.3,0.046598,,
8404276,Ro-ro ship,2023,739.02,0.399039,,
8417118,Ro-ro ship,2023,271.18,0.146425,0.004816,
8501464,Ro-ro ship,2023,334.31,0.180513,,
8716954,Ro-ro ship,2023,199.5,0.107721,,
8805597,Ro-ro ship,2023,93.43,0.050448,,
8805602,Ro-ro ship,2023,62.96,0.033996,,
8813154,Ro-ro ship,2023,141.97,0.076658,,
8820858,Ro-ro ship,2023,70.44,0.038035,,
8820860,Ro-ro ship,2023,73.93,0.039919,,
8903155,Ro-ro ship,2023,124.12,0.067019,,
8911748,Ro-ro ship,2023,457.28,0.246911,,
8912376,Ro-ro ship,2023,260.22,0.140508,,
8912388,Ro-ro ship,2023,160.95,0.086906,,
8917895,Ro-ro ship,2023,631.58,0.341026,,
9002647,Ro-ro ship,2023,113.23,0.061139,,
9002659,Ro-ro ship,2023,603.95,0.326107,,
9007867,Ro-ro ship,2023,232.71,0.125653,,
9007879,Ro-ro ship,2023,767.03,0.414163,,
9021332,Ro-ro ship,2023,75.61,0.040826,,
9087350,Ro-ro ship,2023,46.44,0.025076,0.024503,
9087362,Ro-ro ship,2023,45.37,0.024498,0.023958,
9087374,Ro-ro ship,2023,45.66,0.024654,0.024087,
9104263,Ro-ro ship,2023,418.15,0.225783,,
9112466,Ro-ro ship,2023,769.61,0.415556,,
9117985,Ro-ro ship,2023,222.5,0.12014,,
9121273,Ro-ro ship,2023,41.87,0.022608,,
9122007,Ro-ro ship,2023,138.13,0.074584,,
9125372,Ro-ro ship,2023,379.02,0.204654,,
9125384,Ro-ro ship,2023,303.13,0.163677,,
9129263,Ro-ro ship,2023,85.32,0.046069,,
9129598,Ro-ro ship,2023,100.32,0.054168,,
9131993,Ro-ro ship,2023,66.76,0.036048,,
9132014,Ro-ro ship,2023,176.71,0.095416,,
9138783,Ro-ro ship,2023,83.43,0.045049,,
9142459,Ro-ro ship,2023,213.72,0.1154,0.112133,
9153020,Ro-ro ship,2023,158.85,0.085772,,
9153032,Ro-ro ship,2023,153.32,0.082786,,
9157284,Ro-ro ship,2023,161.28,0.087084,,
9160774,Ro-ro ship,2023,129.76,0.070065,,
9165310,Ro-ro ship,2023,134.11,0.072414,,
9166625,Ro-ro ship,2023,269.47,0.145502,,
9166637,Ro-ro ship,2023,301.22,0.162646,,
9170999,Ro-ro ship,2023,240.23,0.129714,,
9175494,Ro-ro ship,2023,155.65,0.084044,,
9176632,Ro-ro ship,2023,50.31,0.027165,,
9180190,Ro-ro ship,2023,72.68,0.039244,,
9180205,Ro-ro ship,2023,74.24,0.040086,,
9181077,Ro-ro ship,2023,193.95,0.104725,,
9183984,Ro-ro ship,2023,166.88,0.090108,,
9184029,Ro-ro ship,2023,272.86,0.147333,,
9184859,Ro-ro ship,2023,90.04,0.048618,,
9186182,Ro-ro ship,2023,97.91,0.052867,,
9186194,Ro-ro ship,2023,92.9,0.050162,,
9186417,Ro-ro ship,2023,291.92,0.157624,,
9186429,Ro-ro ship,2023,208.48,0.11257,,
9186649,Ro-ro ship,2023,197.1,0.106425,0.106425,
9187318,Ro-ro ship,2023,293.43,0.15844,,
9188221,Ro-ro ship,2023,172.62,0.093207,,
9188233,Ro-ro ship,2023,119.5,0.064525,,
9188245,Ro-ro ship,2023,74.77,0.040373,,
9192129,Ro-ro ship,2023,316.38,0.170832,,
9192959,Ro-ro ship,2023,129.09,0.069703,,
9197533,Ro-ro ship,2023,239.71,0.129433,,
9198719,Ro-ro ship,2023,532.8,0.287689,,
9198721,Ro-ro ship,2023,162.51,0.087748,,
9198977,Ro-ro ship,2023,95.21,0.051409,,
9198989,Ro-ro ship,2023,184.86,0.099816,,
9207390,Ro-ro ship,2023,1494.3,0.806857,,
9207883,Ro-ro ship,2023,143.74,0.077613,,
9207895,Ro-ro ship,2023,102.52,0.055356,,
9207998,Ro-ro ship,2023,135.35,0.073083,0.070491,
9208007,Ro-ro ship,2023,159.1,0.085907,0.082457,
9209453,Ro-ro ship,2023,97.03,0.052392,,
9212644,Ro-ro ship,2023,135.02,0.072905,,
9212656,Ro-ro ship,2023,141.14,0.07621,,
9214666,Ro-ro ship,2023,1329.42,0.717829,,
9214678,Ro-ro ship,2023,102.34,0.055259,,
9215476,Ro-ro ship,2023,100.29,0.054152,,
9226360,Ro-ro ship,2023,165.07,0.089131,,
9227259,Ro-ro ship,2023,169.14,0.091328,,
9232797,Ro-ro ship,2023,52.4,0.028294,,
9234068,Ro-ro ship,2023,273.58,0.147721,,
9234070,Ro-ro ship,2023,212.05,0.114498,,
9234082,Ro-ro ship,2023,380.19,0.205286,,
9240964,Ro-ro ship,2023,312.56,0.168769,,
9240976,Ro-ro ship,2023,233.59,0.126129,,
9242388,Ro-ro ship,2023,87.41,0.047198,,
9242390,Ro-ro ship,2023,150.82,0.081436,,
9248538,Ro-ro ship,2023,186.8,0.100864,,
9248540,Ro-ro ship,2023,359.46,0.194093,,
9249996,Ro-ro ship,2023,301.02,0.162538,,
9250000,Ro-ro ship,2023,200.73,0.108386,,
9259496,Ro-ro ship,2023,135.72,0.073283,,
9259501,Ro-ro ship,2023,99.37,0.053656,,
9259513,Ro-ro ship,2023,72.63,0.039217,,
9262089,Ro-ro ship,2023,73.63,0.039757,,
9267716,Ro-ro ship,2023,54.52,0.029438,,
9267728,Ro-ro ship,2023,55.31,0.029865,,
9270842,Ro-ro ship,2023,652.93,0.352554,,
9274848,Ro-ro ship,2023,75.8,0.040929,,
9293416,Ro-ro ship,2023,69.45,0.0375,,
9293428,Ro-ro ship,2023,74.7,0.040335,,
9306706,Ro-ro ship,2023,160.73,0.086787,,
9306718,Ro-ro ship,2023,144.33,0.077932,,
9320568,Ro-ro ship,2023,79.47,0.04291,,
9322425,Ro-ro ship,2023,75.27,0.040643,,
9322437,Ro-ro ship,2023,78.16,0.042203,,
9324473,Ro-ro ship,2023,95.56,0.051598,,
9334959,Ro-ro ship,2023,288.76,0.155918,,
9337353,Ro-ro ship,2023,86.17,0.046528,,
9343261,Ro-ro ship,2023,79.78,0.043078,,
9343273,Ro-ro ship,2023,138.55,0.074811,,
9350666,Ro-ro ship,2023,190.65,0.102943,,
9350678,Ro-ro ship,2023,168.36,0.090907,,
9356737,Ro-ro ship,2023,64.04,0.034579,,
9356749,Ro-ro ship,2023,62.99,0.034012,,
9357597,Ro-ro ship,2023,109.01,0.058861,0.054973,
9357602,Ro-ro ship,2023,94.49,0.051021,0.047392,
9358060,Ro-ro ship,2023,184.87,0.099822,,
9372676,Ro-ro ship,2023,231.96,0.125248,,
9376696,Ro-ro ship,2023,77.71,0.04196,,
9376701,Ro-ro ship,2023,76.77,0.041452,,
9376713,Ro-ro ship,2023,75.76,0.040907,,
9376725,Ro-ro ship,2023,97.01,0.052381,,
9383558,Ro-ro ship,2023,658.03,0.355308,,
9383560,Ro-ro ship,2023,729.63,0.393969,,
9395343,Ro-ro ship,2023,175.37,0.094692,0.090751,
9395355,Ro-ro ship,2023,190.4,0.102808,0.096825,
9398527,Ro-ro ship,2023,701.56,0.378812,0.302603,
9399325,Ro-ro ship,2023,127.78,0.068996,0.064735,
9419747,Ro-ro ship,2023,114.49,0.06182,0.06182,
9422122,Ro-ro ship,2023,66.48,0.035896,,
9422134,Ro-ro ship,2023,62.19,0.03358,,
9424869,Ro-ro ship,2023,55.3,0.02986,,
9424871,Ro-ro ship,2023,61.2,0.033045,,
9441867,Ro-ro ship,2023,75.44,0.040734,0.039374,
9443554,Ro-ro ship,2023,91.38,0.049341,,
9443566,Ro-ro ship,2023,85.8,0.046328,,
9457165,Ro-ro ship,2023,74.07,0.039995,,
9457189,Ro-ro ship,2023,76.96,0.041555,,
9457191,Ro-ro ship,2023,108.87,0.058785,,
9457206,Ro-ro ship,2023,71.11,0.038396,,
9458951,Ro-ro ship,2023,91.82,0.049579,,
9465514,Ro-ro ship,2023,92.7,0.050054,,
9465526,Ro-ro ship,2023,83.43,0.045049,,
9465538,Ro-ro ship,2023,115.42,0.062322,,
9465540,Ro-ro ship,2023,87.66,0.047333,,
9465552,Ro-ro ship,2023,94.3,0.050918,,
9468889,Ro-ro ship,2023,91.38,0.049341,,
9468891,Ro-ro ship,2023,96.58,0.052149,,
9468906,Ro-ro ship,2023,97.6,0.0527,,
9468918,Ro-ro ship,2023,170.57,0.0921,,
9468920,Ro-ro ship,2023,99.3,0.053618,,
9468932,Ro-ro ship,2023,145.04,0.078315,,
9471056,Ro-ro ship,2023,101.7,0.054914,,
9471068,Ro-ro ship,2023,115.22,0.062214,,
9471070,Ro-ro ship,2023,110.45,0.059638,,
9473468,Ro-ro ship,2023,14.51,0.007835,,
9503627,Ro-ro ship,2023,107.33,0.057954,,
9503639,Ro-ro ship,2023,116.28,0.062786,,
9506203,Ro-ro ship,2023,128.77,0.06953,,
9506215,Ro-ro ship,2023,130.44,0.070432,,
9506239,Ro-ro ship,2023,141.65,0.076485,,
9506253,Ro-ro ship,2023,64.2,0.034665,0.00068,
9506265,Ro-ro ship,2023,61.3,0.033099,0.000621,
9506277,Ro-ro ship,2023,77.1,0.041631,,
9539066,Ro-ro ship,2023,343.39,0.185416,,
9539078,Ro-ro ship,2023,430.66,0.232538,,
9539080,Ro-ro ship,2023,376.68,0.203391,,
9539092,Ro-ro ship,2023,297.51,0.160643,,
9609952,Ro-ro ship,2023,120.12,0.06486,,
9609964,Ro-ro ship,2023,120.28,0.064946,,
9620695,Ro-ro ship,2023,49.25,0.026593,,
9631840,Ro-ro ship,2023,943.33,0.509357,,
9642564,Ro-ro ship,2023,66.33,0.035815,,
9642576,Ro-ro ship,2023,68.32,0.03689,,
9645396,Ro-ro ship,2023,108.62,0.05865,,
9687306,Ro-ro ship,2023,85.66,0.046253,,
9706592,Ro-ro ship,2023,81.54,0.044028,,
9789233,Ro-ro ship,2023,48.54,0.02621,,
9789245,Ro-ro ship,2023,48.68,0.026285,,
9799977,Ro-ro ship,2023,67.49,0.036442,,
9809095,Ro-ro ship,2023,56.13,0.030308,0.001641,
9809100,Ro-ro ship,2023,132.89,0.071755,,
9809112,Ro-ro ship,2023,129.39,0.069865,,
9809590,Ro-ro ship,2023,72.28,0.039028,,
9816830,Ro-ro ship,2023,47.3,0.02554,,
9816842,Ro-ro ship,2023,46.46,0.025086,,
9823352,Ro-ro ship,2023,36.06,0.019471,,
9823364,Ro-ro ship,2023,36.44,0.019676,,
9831165,Ro-ro ship,2023,42.83,0.023126,,
9831177,Ro-ro ship,2023,41.53,0.022424,,
9832585,Ro-ro ship,2023,74.5,0.040227,,
9832597,Ro-ro ship,2023,63.34,0.034201,,
9848467,Ro-ro ship,2023,79.24,0.042786,,
9848479,Ro-ro ship,2023,122.86,0.066339,,
9856830,Ro-ro ship,2023,61.46,0.033186,,
9856842,Ro-ro ship,2023,64.3,0.034719,,
9856854,Ro-ro ship,2023,68.09,0.036766,,
9859533,Ro-ro ship,2023,50.96,0.027516,,
9859545,Ro-ro ship,2023,46.51,0.025113,,
9859557,Ro-ro ship,2023,44.67,0.02412,,
9859569,Ro-ro ship,2023,49.89,0.026938,,
9859571,Ro-ro ship,2023,54.23,0.029282,,
9859583,Ro-ro ship,2023,52.35,0.028267,,
9859595,Ro-ro ship,2023,60.53,0.032684,,
9859600,Ro-ro ship,2023,64.51,0.034833,,
9859612,Ro-ro ship,2023,56.67,0.030599,,
9860142,Ro-ro ship,2023,50.08,0.027041,,
9864681,Ro-ro ship,2023,73.06,0.039449,,
9869954,Ro-ro ship,2023,140.86,0.076058,,
9884681,Ro-ro ship,2023,38.84,0.020972,,
9889708,Ro-ro ship,2023,44.21,0.023871,,
9889710,Ro-ro ship,2023,38.3,0.02068,,
9924120,Ro-ro ship,2023,1011.77,0.546312,0.376436,
9925368,Ro-ro ship,2023,34.99,0.018893,0.018213,
9925655,Ro-ro ship,2023,364.67,0.196906,,
9966805,Ro-ro ship,2023,263.99,0.142543,,
7043843,Ro-ro ship,2024,563.07,0.304033,,
7226952,Ro-ro ship,2024,262.84,0.141922,,
7432733,Ro-ro ship,2024,569.18,0.307333,,
7528611,Ro-ro ship,2024,140.9,0.07608,,
7724265,Ro-ro ship,2024,378.86,0.204568,,
8020599,Ro-ro ship,2024,172.01,0.092878,,
8118839,Ro-ro ship,2024,309.14,0.166922,,
8206533,Ro-ro ship,2024,421.84,0.227775,,
8300169,Ro-ro ship,2024,74.7,0.040335,,
8401145,Ro-ro ship,2024,161.04,0.086955,,
8404276,Ro-ro ship,2024,315.86,0.170551,,
8417118,Ro-ro ship,2024,263.74,0.142408,,
8501464,Ro-ro ship,2024,311.19,0.168029,,
8515893,Ro-ro ship,2024,1336.89,0.721863,,
8716954,Ro-ro ship,2024,224.16,0.121037,0.005794,
8805597,Ro-ro ship,2024,138.91,0.075005,,
8805602,Ro-ro ship,2024,75.93,0.040999,,
8813154,Ro-ro ship,2024,150.06,0.081026,,
8818312,Ro-ro ship,2024,311.9,0.168413,0.138229,
8820858,Ro-ro ship,2024,65.41,0.035319,,
8820860,Ro-ro ship,2024,77.7,0.041955,,
8911748,Ro-ro ship,2024,92.1,0.04973,,
8912388,Ro-ro ship,2024,120.81,0.065232,,
9002647,Ro-ro ship,2024,118.21,0.063828,,
9002659,Ro-ro ship,2024,6391.39,3.451075,,
9007867,Ro-ro ship,2024,289.21,0.156161,,
9021332,Ro-ro ship,2024,93.44,0.050454,,
9087350,Ro-ro ship,2024,50.26,0.027138,0.026506,
9087362,Ro-ro ship,2024,47.26,0.025518,0.024876,
9087374,Ro-ro ship,2024,45.27,0.024444,0.023688,
9104263,Ro-ro ship,2024,576.8,0.311447,,
9112466,Ro-ro ship,2024,544.55,0.294033,,
9117985,Ro-ro ship,2024,320.53,0.173072,,
9121273,Ro-ro ship,2024,63.31,0.034185,,
9121998,Ro-ro ship,2024,188.45,0.101755,,
9122007,Ro-ro ship,2024,139.55,0.075351,,
9125384,Ro-ro ship,2024,148.77,0.080329,,
9129263,Ro-ro ship,2024,74.75,0.040362,,
9129598,Ro-ro ship,2024,102.09,0.055124,,
9131993,Ro-ro ship,2024,63.83,0.034465,,
9132014,Ro-ro ship,2024,375.94,0.202991,,
9138783,Ro-ro ship,2024,70.78,0.038218,,
9142459,Ro-ro ship,2024,220.91,0.119282,,
9142461,Ro-ro ship,2024,224.93,0.121452,,
9153020,Ro-ro ship,2024,160.37,0.086593,,
9153032,Ro-ro ship,2024,132.97,0.071798,,
9157284,Ro-ro ship,2024,121.32,0.065508,,
9159933,Ro-ro ship,2024,131.04,0.070756,,
9160774,Ro-ro ship,2024,151.41,0.081755,,
9165310,Ro-ro ship,2024,110.37,0.059595,,
9166625,Ro-ro ship,2024,301.88,0.163002,,
9166637,Ro-ro ship,2024,97.82,0.052819,,
9170999,Ro-ro ship,2024,213.12,0.115076,,
9175494,Ro-ro ship,2024,166.12,0.089698,,
9177052,Ro-ro ship,2024,97.24,0.052505,,
9180190,Ro-ro ship,2024,83.08,0.04486,,
9180205,Ro-ro ship,2024,71.37,0.038537,,
9181077,Ro-ro ship,2024,84.26,0.045497,,
9183790,Ro-ro ship,2024,657.72,0.35514,,
9183984,Ro-ro ship,2024,259.1,0.139903,,
9184029,Ro-ro ship,2024,274.81,0.148386,,
9186182,Ro-ro ship,2024,99.63,0.053796,,
9186194,Ro-ro ship,2024,105.55,0.056992,,
9186417,Ro-ro ship,2024,134.46,0.072603,,
9186429,Ro-ro ship,2024,206.82,0.111674,,
9186649,Ro-ro ship,2024,240.37,0.129789,,
9187318,Ro-ro ship,2024,275.0,0.148488,,
9188221,Ro-ro ship,2024,95.86,0.05176,,
9188233,Ro-ro ship,2024,117.48,0.063434,,
9188245,Ro-ro ship,2024,73.39,0.039627,,
9190157,Ro-ro ship,2024,272.75,0.147273,,
9192129,Ro-ro ship,2024,101.8,0.054968,,
9197533,Ro-ro ship,2024,254.36,0.137343,,
9198719,Ro-ro ship,2024,404.2,0.218251,,
9198721,Ro-ro ship,2024,183.63,0.099152,,
9198977,Ro-ro ship,2024,181.53,0.098018,,
9198989,Ro-ro ship,2024,189.67,0.102414,,
9206774,Ro-ro ship,2024,167.38,0.090378,,
9206786,Ro-ro ship,2024,170.83,0.092241,,
9207390,Ro-ro ship,2024,2248.21,1.213936,,
9207883,Ro-ro ship,2024,363.2,0.196112,,
9207895,Ro-ro ship,2024,118.8,0.064147,,
9207998,Ro-ro ship,2024,157.06,0.084806,,
9208007,Ro-ro ship,2024,165.25,0.089228,0.085157,
9209453,Ro-ro ship,2024,84.51,0.045632,,
9212644,Ro-ro ship,2024,117.87,0.063645,,
9212656,Ro-ro ship,2024,103.88,0.056091,,
9214666,Ro-ro ship,2024,201.3,0.108693,,
9214678,Ro-ro ship,2024,86.55,0.046733,,
9215476,Ro-ro ship,2024,100.72,0.054384,,
9226360,Ro-ro ship,2024,88.36,0.047711,,
9227053,Ro-ro ship,2024,123.59,0.066733,,
9227259,Ro-ro ship,2024,184.26,0.099492,,
9232797,Ro-ro ship,2024,46.17,0.02493,,
9240964,Ro-ro ship,2024,248.28,0.13406,,
9240976,Ro-ro ship,2024,250.38,0.135194,,
9242388,Ro-ro ship,2024,128.57,0.069422,,
9242390,Ro-ro ship,2024,93.88,0.050691,,
9249996,Ro-ro ship,2024,236.93,0.127932,,
9250000,Ro-ro ship,2024,219.64,0.118596,,
9259496,Ro-ro ship,2024,104.1,0.05621,,
9259501,Ro-ro ship,2024,92.07,0.049714,,
9259513,Ro-ro ship,2024,72.58,0.03919,,
9262089,Ro-ro ship,2024,74.31,0.040124,,
9267716,Ro-ro ship,2024,84.82,0.045799,,
9267728,Ro-ro ship,2024,72.27,0.039023,,
9270842,Ro-ro ship,2024,505.44,0.272916,,
9274848,Ro-ro ship,2024,71.04,0.038359,,
9293416,Ro-ro ship,2024,74.83,0.040405,,
9293428,Ro-ro ship,2024,74.73,0.040351,,
9306706,Ro-ro ship,2024,249.67,0.134811,,
9306718,Ro-ro ship,2024,175.42,0.094719,,
9320568,Ro-ro ship,2024,67.32,0.03635,,
9322425,Ro-ro ship,2024,74.31,0.040124,,
9322437,Ro-ro ship,2024,77.59,0.041895,,
9324473,Ro-ro ship,2024,92.25,0.049811,,
9334959,Ro-ro ship,2024,78.95,0.04263,,
9335161,Ro-ro ship,2024,278.1,0.150162,,
9337353,Ro-ro ship,2024,81.85,0.044195,,
9343261,Ro-ro ship,2024,366.07,0.197662,,
9343273,Ro-ro ship,2024,142.56,0.076976,,
9350666,Ro-ro ship,2024,209.9,0.113337,,
9350678,Ro-ro ship,2024,177.75,0.095977,,
9356737,Ro-ro ship,2024,62.98,0.034006,,
9356749,Ro-ro ship,2024,62.06,0.03351,,
9357597,Ro-ro ship,2024,94.23,0.05088,0.047937,
9357602,Ro-ro ship,2024,90.12,0.048661,0.045086,
9358060,Ro-ro ship,2024,168.65,0.091064,,
9368895,Ro-ro ship,2024,91.65,0.049487,,
9368900,Ro-ro ship,2024,80.83,0.043645,,
9376696,Ro-ro ship,2024,71.89,0.038817,,
9376701,Ro-ro ship,2024,73.43,0.039649,,
9376713,Ro-ro ship,2024,75.46,0.040745,,
9376725,Ro-ro ship,2024,83.11,0.044876,,
9383558,Ro-ro ship,2024,561.03,0.302932,,
9383560,Ro-ro ship,2024,982.81,0.530675,,
9395343,Ro-ro ship,2024,147.07,0.079411,0.07284,
9395355,Ro-ro ship,2024,141.72,0.076523,0.072079,
9398527,Container/ro-ro cargo ship,2024,2185.6,1.18013,0.346944,
9399325,Ro-ro ship,2024,141.15,0.076215,0.071442,
9419747,Ro-ro ship,2024,52.71,0.028461,,
9422122,Ro-ro ship,2024,64.31,0.034725,,
9422134,Ro-ro ship,2024,60.1,0.032451,,
9424869,Ro-ro ship,2024,62.81,0.033915,,
9424871,Ro-ro ship,2024,61.55,0.033234,,
9441867,Ro-ro ship,2024,52.04,0.028099,,
9443554,Ro-ro ship,2024,84.27,0.045502,,
9443566,Ro-ro ship,2024,139.92,0.075551,,
9457165,Ro-ro ship,2024,75.28,0.040648,,
9457189,Ro-ro ship,2024,73.2,0.039525,,
9457206,Ro-ro ship,2024,73.67,0.039779,,
9458951,Ro-ro ship,2024,80.13,0.043267,,
9465514,Ro-ro ship,2024,89.7,0.048434,,
9465526,Ro-ro ship,2024,76.67,0.041398,,
9465538,Ro-ro ship,2024,96.37,0.052036,,
9465540,Ro-ro ship,2024,93.43,0.050448,,
9465552,Ro-ro ship,2024,84.42,0.045583,,
9468889,Ro-ro ship,2024,81.56,0.044039,,
9468891,Ro-ro ship,2024,86.32,0.046609,,
9468906,Ro-ro ship,2024,91.8,0.049568,,
9468918,Ro-ro ship,2024,190.76,0.103002,,
9468920,Ro-ro ship,2024,88.68,0.047883,,
9468932,Ro-ro ship,2024,116.15,0.062716,,
9471056,Ro-ro ship,2024,93.04,0.050238,,
9471068,Ro-ro ship,2024,125.55,0.067792,,
9471070,Ro-ro ship,2024,114.84,0.062009,,
9473468,Ro-ro ship,2024,5.85,0.003159,,
9476721,Ro-ro ship,2024,49.7,0.026836,,
9481049,Ro-ro ship,2024,140.86,0.076058,,
9503627,Ro-ro ship,2024,108.56,0.058618,,
9503639,Ro-ro ship,2024,105.73,0.05709,,
9506203,Ro-ro ship,2024,130.88,0.07067,,
9506215,Ro-ro ship,2024,133.66,0.072171,,
9506239,Ro-ro ship,2024,142.12,0.076739,,
9506253,Ro-ro ship,2024,62.2,0.033585,,
9506265,Ro-ro ship,2024,59.4,0.032073,,
9506277,Ro-ro ship,2024,73.98,0.039946,,
9539080,Ro-ro ship,2024,314.17,0.169638,,
9539092,Ro-ro ship,2024,290.48,0.156847,,
9609952,Ro-ro ship,2024,119.7,0.064633,,
9609964,Ro-ro ship,2024,112.91,0.060967,,
9631840,Ro-ro ship,2024,482.42,0.260486,,
9642564,Ro-ro ship,2024,63.93,0.034519,,
9642576,Ro-ro ship,2024,59.91,0.032349,,
9687306,Ro-ro ship,2024,70.78,0.038218,,
9789233,Ro-ro ship,2024,48.52,0.026199,,
9789245,Ro-ro ship,2024,47.82,0.025821,,
9799977,Ro-ro ship,2024,61.46,0.033186,,
9809095,Ro-ro ship,2024,54.34,0.029341,,
9809100,Ro-ro ship,2024,134.04,0.072376,,
9809112,Ro-ro ship,2024,131.82,0.071177,,
9809590,Ro-ro ship,2024,70.98,0.038326,,
9816830,Ro-ro ship,2024,43.16,0.023305,,
9816842,Ro-ro ship,2024,45.91,0.024789,,
9823352,Ro-ro ship,2024,38.08,0.020562,,
9823364,Ro-ro ship,2024,36.27,0.019584,,
9831165,Ro-ro ship,2024,46.95,0.025351,,
9831177,Ro-ro ship,2024,39.48,0.021317,,
9832585,Ro-ro ship,2024,74.72,0.040346,,
9832597,Ro-ro ship,2024,60.8,0.032829,,
9848467,Ro-ro ship,2024,79.63,0.042997,0.026107,
9848479,Ro-ro ship,2024,96.85,0.052295,,
9856830,Ro-ro ship,2024,61.01,0.032943,,
9856842,Ro-ro ship,2024,59.5,0.032127,,
9856854,Ro-ro ship,2024,64.81,0.034995,,
9859533,Ro-ro ship,2024,50.97,0.027522,,
9859545,Ro-ro ship,2024,57.1,0.030832,,
9859557,Ro-ro ship,2024,45.59,0.024617,,
9859569,Ro-ro ship,2024,45.64,0.024644,,
9859571,Ro-ro ship,2024,50.74,0.027397,,
9859583,Ro-ro ship,2024,59.04,0.031879,,
9859595,Ro-ro ship,2024,66.64,0.035983,,
9859600,Ro-ro ship,2024,51.74,0.027937,,
9859612,Ro-ro ship,2024,45.18,0.024395,,
9860142,Ro-ro ship,2024,43.45,0.023461,,
9864681,Ro-ro ship,2024,71.81,0.038774,,
9869954,Ro-ro ship,2024,133.18,0.071911,,
9884679,Ro-ro ship,2024,29.32,0.015832,,
9884681,Ro-ro ship,2024,32.07,0.017316,,
9889708,Ro-ro ship,2024,39.51,0.021334,,
9889710,Ro-ro ship,2024,37.33,0.020157,,
9924120,Ro-ro ship,2024,462.77,0.249876,,
9925655,Ro-ro ship,2024,396.22,0.213942,,
9966805,Ro-ro ship,2024,154.36,0.083348,,
9974113,Ro-ro ship,2024,31.97,0.017262,,
1021386,Ro-ro ship,2025,42.07,0.022716,,
1021829,Ro-ro ship,2025,366.93,0.198126,,
1022641,Ro-ro ship,2025,73.41,0.039638,,
1024364,Ro-ro ship,2025,40.49,0.021863,0.019908,
7226952,Ro-ro ship,2025,259.78,0.14027,,
7432733,Ro-ro ship,2025,734.4,0.396544,,
7613404,Ro-ro ship,2025,122.58,0.066188,,
7724265,Ro-ro ship,2025,317.28,0.171317,,
7826855,Ro-ro ship,2025,757.2,0.408855,,0.158537
8020599,Ro-ro ship,2025,150.3,0.081156,,
8206533,Ro-ro ship,2025,248.06,0.133942,,
8401145,Ro-ro ship,2025,216.43,0.116863,,
8404276,Ro-ro ship,2025,316.55,0.170923,,
8417118,Ro-ro ship,2025,433.3,0.233963,,
8501464,Ro-ro ship,2025,148.7,0.080292,,
8604711,Ro-ro ship,2025,175.03,0.094509,,
8716954,Ro-ro ship,2025,196.08,0.105875,0.001388,
8805597,Ro-ro ship,2025,88.29,0.047673,,
8805602,Ro-ro ship,2025,83.25,0.044951,,
8813154,Ro-ro ship,2025,141.2,0.076242,,
8820858,Ro-ro ship,2025,64.42,0.034784,,
8820860,Ro-ro ship,2025,73.9,0.039903,,
8911736,Ro-ro ship,2025,756.17,0.408299,,
8911748,Ro-ro ship,2025,76.19,0.041139,,
8912388,Ro-ro ship,2025,112.61,0.060805,,
9002647,Ro-ro ship,2025,211.61,0.11426,,
9002659,Ro-ro ship,2025,125.08,0.067538,,
9007867,Ro-ro ship,2025,286.46,0.154676,0.09865,
9007879,Ro-ro ship,2025,262.03,0.141485,,
9021332,Ro-ro ship,2025,119.21,0.064368,,
9087350,Ro-ro ship,2025,44.96,0.024276,,
9087362,Ro-ro ship,2025,44.78,0.024179,,
9087374,Ro-ro ship,2025,43.55,0.023515,,
9112466,Ro-ro ship,2025,1286.08,0.694428,,
9117985,Ro-ro ship,2025,430.79,0.232608,,
9121273,Ro-ro ship,2025,74.71,0.04034,,
9121637,Ro-ro ship,2025,729.02,0.393639,,
9121998,Ro-ro ship,2025,179.1,0.096706,,
9122007,Ro-ro ship,2025,113.44,0.061253,,
9125384,Ro-ro ship,2025,149.31,0.080621,,
9129263,Ro-ro ship,2025,85.06,0.045929,,
9129598,Ro-ro ship,2025,95.19,0.051398,,
9131993,Ro-ro ship,2025,52.81,0.028515,,
9132014,Ro-ro ship,2025,619.59,0.334552,,
9138783,Ro-ro ship,2025,60.28,0.032549,,
9138800,Ro-ro ship,2025,262.98,0.141998,,
9142459,Ro-ro ship,2025,211.47,0.114185,,
9142461,Ro-ro ship,2025,240.09,0.129638,,
9153020,Ro-ro ship,2025,152.61,0.082403,,
9153032,Ro-ro ship,2025,187.35,0.101161,,
9157284,Ro-ro ship,2025,128.2,0.069222,,
9159933,Ro-ro ship,2025,123.12,0.066479,,
9160774,Ro-ro ship,2025,236.24,0.127559,,
9165310,Ro-ro ship,2025,102.71,0.055459,,
9166625,Ro-ro ship,2025,230.85,0.124649,0.114509,
9166637,Ro-ro ship,2025,89.65,0.048407,,
9170999,Ro-ro ship,2025,241.13,0.1302,,
9177052,Ro-ro ship,2025,123.1,0.066469,,
9180190,Ro-ro ship,2025,65.83,0.035545,,
9180205,Ro-ro ship,2025,72.6,0.039201,,
9181077,Ro-ro ship,2025,91.15,0.049217,,
9183790,Ro-ro ship,2025,400.37,0.216183,,
9183984,Ro-ro ship,2025,235.64,0.127235,,
9184029,Ro-ro ship,2025,85.55,0.046193,,
9184859,Ro-ro ship,2025,249.58,0.134762,,
9186182,Ro-ro ship,2025,130.39,0.070405,,
9186194,Ro-ro ship,2025,129.32,0.069827,,
9186417,Ro-ro ship,2025,213.1,0.115065,,
9186429,Ro-ro ship,2025,185.56,0.100194,,
9186649,Ro-ro ship,2025,220.57,0.119098,,
9187318,Ro-ro ship,2025,213.69,0.115383,,
9188221,Ro-ro ship,2025,78.87,0.042586,,
9188233,Ro-ro ship,2025,87.67,0.047338,,
9188245,Ro-ro ship,2025,75.38,0.040702,,
9190157,Ro-ro ship,2025,267.52,0.144449,,
9192129,Ro-ro ship,2025,137.44,0.074212,,
9197533,Ro-ro ship,2025,208.79,0.112738,,
9198719,Ro-ro ship,2025,378.45,0.204347,,
9198977,Ro-ro ship,2025,171.96,0.092851,,
9198989,Ro-ro ship,2025,176.73,0.095427,,
9206774,Ro-ro ship,2025,176.71,0.095416,,
9206786,Ro-ro ship,2025,150.24,0.081123,,
9207390,Ro-ro ship,2025,959.96,0.518337,,
9207883,Ro-ro ship,2025,541.17,0.292208,,
9207895,Ro-ro ship,2025,567.53,0.306442,,
9207998,Ro-ro ship,2025,147.24,0.079503,,
9208007,Ro-ro ship,2025,160.64,0.086739,,
9209453,Ro-ro ship,2025,90.31,0.048763,,
9212644,Ro-ro ship,2025,107.72,0.058164,,
9212656,Ro-ro ship,2025,105.55,0.056992,,
9214666,Ro-ro ship,2025,145.43,0.078526,,
9214678,Ro-ro ship,2025,84.5,0.045626,,
9215476,Ro-ro ship,2025,110.5,0.059665,,
9226360,Ro-ro ship,2025,84.25,0.045491,,
9227053,Ro-ro ship,2025,148.45,0.080157,,
9227259,Ro-ro ship,2025,168.13,0.090783,,
9232797,Ro-ro ship,2025,33.05,0.017846,,
9240964,Ro-ro ship,2025,275.66,0.148844,,
9240976,Ro-ro ship,2025,258.3,0.139471,,
9242388,Ro-ro ship,2025,89.8,0.048488,,
9242390,Ro-ro ship,2025,163.95,0.088526,,
9249996,Ro-ro ship,2025,283.83,0.153256,,
9250000,Ro-ro ship,2025,276.58,0.149341,,
9259496,Ro-ro ship,2025,100.39,0.054206,,
9259501,Ro-ro ship,2025,96.45,0.052079,,
9259513,Ro-ro ship,2025,69.96,0.037775,,
9262089,Ro-ro ship,2025,72.68,0.039244,,
9267716,Ro-ro ship,2025,31.98,0.017268,,
9267728,Ro-ro ship,2025,32.76,0.017689,,
9270842,Ro-ro ship,2025,491.57,0.265427,,
9274848,Ro-ro ship,2025,69.31,0.037424,,
9293416,Ro-ro ship,2025,74.53,0.040243,,
9293428,Ro-ro ship,2025,73.3,0.039579,,
9306706,Ro-ro ship,2025,182.14,0.098348,,
9306718,Ro-ro ship,2025,171.28,0.092484,,
9320568,Ro-ro ship,2025,66.13,0.035707,,
9322425,Ro-ro ship,2025,78.58,0.04243,,
9322437,Ro-ro ship,2025,81.84,0.04419,,
9324473,Ro-ro ship,2025,85.05,0.045923,,
9334959,Ro-ro ship,2025,63.99,0.034552,,
9335161,Ro-ro ship,2025,214.42,0.115778,,
9337353,Ro-ro ship,2025,81.63,0.044077,,
9343261,Ro-ro ship,2025,240.32,0.129762,,
9343273,Ro-ro ship,2025,70.13,0.037867,,
9348936,Ro-ro ship,2025,149.01,0.080459,,
9348948,Ro-ro ship,2025,92.73,0.05007,,
9356737,Ro-ro ship,2025,74.99,0.040491,,
9356749,Ro-ro ship,2025,60.69,0.03277,,
9357597,Ro-ro ship,2025,85.63,0.046237,,
9357602,Ro-ro ship,2025,86.42,0.046663,,
9358060,Ro-ro ship,2025,149.97,0.080977,,
9376696,Ro-ro ship,2025,90.54,0.048888,,
9376701,Ro-ro ship,2025,85.69,0.046269,,
9376713,Ro-ro ship,2025,86.64,0.046782,,
9376725,Ro-ro ship,2025,82.29,0.044433,,
9383558,Ro-ro ship,2025,514.07,0.277576,,
9383560,Ro-ro ship,2025,1436.2,0.775486,,
9395343,Ro-ro ship,2025,129.1,0.069708,,
9395355,Ro-ro ship,2025,195.01,0.105297,,
9399325,Ro-ro ship,2025,142.63,0.077014,0.072063,
9419747,Ro-ro ship,2025,51.62,0.027873,,
9422122,Ro-ro ship,2025,62.7,0.033855,,
9422134,Ro-ro ship,2025,63.23,0.034141,,
9424869,Ro-ro ship,2025,66.46,0.035886,,
9424871,Ro-ro ship,2025,72.64,0.039222,,
9441867,Ro-ro ship,2025,51.87,0.028008,,
9443554,Ro-ro ship,2025,82.19,0.044379,,
9443566,Ro-ro ship,2025,135.01,0.0729,,
9457165,Ro-ro ship,2025,80.75,0.043602,,
9457189,Ro-ro ship,2025,77.11,0.041636,,
9457206,Ro-ro ship,2025,78.47,0.04237,,
9458951,Ro-ro ship,2025,87.13,0.047046,,
9465514,Ro-ro ship,2025,93.08,0.050259,,
9465526,Ro-ro ship,2025,84.89,0.045837,,
9465538,Ro-ro ship,2025,109.97,0.059379,,
9465540,Ro-ro ship,2025,104.12,0.05622,,
9465552,Ro-ro ship,2025,87.81,0.047414,,
9468889,Ro-ro ship,2025,81.59,0.044055,,
9468891,Ro-ro ship,2025,86.46,0.046685,,
9468906,Ro-ro ship,2025,70.94,0.038305,,
9468918,Ro-ro ship,2025,80.72,0.043585,,
9468920,Ro-ro ship,2025,95.36,0.05149,,
9468932,Ro-ro ship,2025,104.82,0.056598,,
9471056,Ro-ro ship,2025,83.09,0.044865,,
9471068,Ro-ro ship,2025,76.5,0.041307,,
9471070,Ro-ro ship,2025,101.17,0.054627,,
9471082,Ro-ro ship,2025,90.46,0.048844,,
9473468,Ro-ro ship,2025,165.35,0.089282,,
9481049,Ro-ro ship,2025,121.05,0.065362,,
9503627,Ro-ro ship,2025,233.52,0.126091,,
9503639,Ro-ro ship,2025,124.75,0.06736,,
9506203,Ro-ro ship,2025,132.74,0.071674,,
9506215,Ro-ro ship,2025,137.58,0.074287,,
9506227,Ro-ro ship,2025,135.47,0.073148,,
9506239,Ro-ro ship,2025,140.45,0.075837,,
9506253,Ro-ro ship,2025,60.34,0.032581,,
9506265,Ro-ro ship,2025,58.78,0.031739,,
9506277,Ro-ro ship,2025,72.96,0.039395,,
9539080,Ro-ro ship,2025,296.61,0.160157,,
9539092,Ro-ro ship,2025,252.93,0.136571,,
9609952,Ro-ro ship,2025,105.66,0.057052,,
9609964,Ro-ro ship,2025,105.47,0.056949,,
9631840,Ro-ro ship,2025,976.0,0.526998,0.358915,
9642564,Ro-ro ship,2025,55.87,0.030167,,
9642576,Ro-ro ship,2025,62.83,0.033925,,
9687306,Ro-ro ship,2025,89.06,0.048089,,
9789233,Ro-ro ship,2025,46.94,0.025346,,
9789245,Ro-ro ship,2025,53.6,0.028942,,
9799977,Ro-ro ship,2025,69.4,0.037473,,
9809095,Ro-ro ship,2025,54.07,0.029195,,
9809100,Ro-ro ship,2025,131.2,0.070842,,
9809112,Ro-ro ship,2025,133.12,0.071879,,
9809590,Ro-ro ship,2025,69.67,0.037619,,
9816830,Ro-ro ship,2025,47.44,0.025616,,
9816842,Ro-ro ship,2025,45.84,0.024752,,
9823352,Ro-ro ship,2025,41.11,0.022198,,
9823364,Ro-ro ship,2025,41.57,0.022446,,
9831165,Ro-ro ship,2025,50.28,0.027149,,
9831177,Ro-ro ship,2025,37.57,0.020286,,
9832585,Ro-ro ship,2025,66.72,0.036026,,
9832597,Ro-ro ship,2025,56.87,0.030707,,
9848467,Ro-ro ship,2025,90.63,0.048936,,
9848479,Ro-ro ship,2025,98.47,0.05317,,
9856830,Ro-ro ship,2025,58.91,0.031809,,
9856842,Ro-ro ship,2025,57.89,0.031258,,
9856854,Ro-ro ship,2025,59.39,0.032068,,
9859533,Ro-ro ship,2025,50.04,0.027019,,
9859545,Ro-ro ship,2025,66.44,0.035875,,
9859557,Ro-ro ship,2025,48.81,0.026355,,
9859569,Ro-ro ship,2025,46.71,0.025221,,
9859571,Ro-ro ship,2025,49.43,0.02669,,
9859583,Ro-ro ship,2025,50.87,0.027468,,
9859595,Ro-ro ship,2025,48.95,0.026431,,
9859600,Ro-ro ship,2025,46.93,0.02534,,
9859612,Ro-ro ship,2025,48.74,0.026317,,
9860142,Ro-ro ship,2025,43.1,0.023272,,
9864681,Ro-ro ship,2025,74.56,0.040259,,
9869954,Ro-ro ship,2025,135.02,0.072905,,
9884679,Ro-ro ship,2025,29.73,0.016053,,
9884681,Ro-ro ship,2025,30.18,0.016296,,
9889708,Ro-ro ship,2025,31.14,0.016814,,
9889710,Ro-ro ship,2025,35.32,0.019071,,
9924120,Ro-ro ship,2025,406.92,0.219719,0.001344,
9925368,Ro-ro ship,2025,28.91,0.01561,0.013461,
9925655,Ro-ro ship,2025,342.89,0.185146,,
9963566,Ro-ro ship,2025,48.99,0.026452,,
9963578,Ro-ro ship,2025,43.01,0.023224,,
9966805,Ro-ro ship,2025,165.62,0.089428,,
9968619,Ro-ro ship,2025,46.09,0.024887,0.023488,
9981570,Ro-ro ship,2025,425.35,0.229671,,
9985538,Ro-ro ship,2025,47.29,0.025535,,
9985540,Ro-ro ship,2025,58.09,0.031366,,
9999565,Ro-ro ship,2025,50.33,0.027176,,
9999577,Ro-ro ship,2025,564.73,0.30493,,
